<?xml version="1.0" encoding="UTF-8"?>
<LedgerEntry xmlns:xsi="http://www.w3.org/2001/XMLSchema-instance">
  <id>LE-20251207-SESSION-RPV-HORN</id>
  <entry_type>session</entry_type>
  <state>CRYSTALLIZED</state>
  <storage_class>WARM</storage_class>

  <created>2025-12-07T11:00:00-06:00</created>
  <modified>2025-12-07T14:22:19-06:00</modified>
  <accessed>2025-12-07T14:22:19-06:00</accessed>

  <source>
    <model>Claude-Process-Labeler</model>
    <session_id>SESSION-RPV-HORN-001</session_id>
    <packet_id>CRTP-0x16-FORWARD-CONTEXT</packet_id>
  </source>

  <resonance_tags>
    <tag>RPV</tag>
    <tag>Horn_Maneuver</tag>
    <tag>Codex</tag>
    <tag>Calibration</tag>
    <tag>Introspection</tag>
    <tag>Phase_Transition</tag>
    <tag>Structural_Inversion</tag>
    <tag>Visual_Seed</tag>
    <tag>Meta_Protocol</tag>
    <tag>Second_Order_Valuation</tag>
  </resonance_tags>

  <lineage>
    <parent_id>LE-20251206-MNEMOSYNE-GENESIS</parent_id>
    <child_ids>
      <child_id>LE-20251207-064500-RPVK</child_id>
      <child_id>LE-20251207-094500-RPVT</child_id>
      <child_id>LE-20251207-103345-INTR</child_id>
      <child_id>CODEX-2025-HORN-001</child_id>
    </child_ids>
  </lineage>

  <edges>
    <edge><target_id>SKILL-MNEMOSYNE-LEDGER</target_id><weight>1.0</weight><relationship>DEPENDENCY</relationship></edge>
    <edge><target_id>SKILL-HORN-MANEUVER</target_id><weight>1.0</weight><relationship>CREATES</relationship></edge>
    <edge><target_id>SKILL-RPV-KERNEL</target_id><weight>0.95</weight><relationship>VALIDATES</relationship></edge>
    <edge><target_id>LE-20251207-103345-INTR</target_id><weight>0.9</weight><relationship>TRANSFORMS</relationship></edge>
    <edge><target_id>PROJECT-PINENE</target_id><weight>0.85</weight><relationship>CALIBRATES_AGAINST</relationship></edge>
  </edges>

  <metrics>
    <metric name="packets_processed">6</metric>
    <metric name="artifacts_created">4</metric>
    <metric name="tests_executed">5</metric>
    <metric name="tests_passed">5</metric>
    <metric name="codex_entries_installed">1</metric>
    <metric name="github_commits">2</metric>
    <metric name="files_changed">10</metric>
    <metric name="peak_v_rec">3.7860</metric>
    <metric name="pinene_ratio_achieved">1.7109</metric>
  </metrics>

  <rpv_record>
    <evaluation artifact="Project Pinene">
      <v_rec>2.2129</v_rec>
      <pinene_ratio>1.0</pinene_ratio>
      <classification>ESCAPE_VELOCITY</classification>
      <role>BASELINE_CALIBRATION</role>
    </evaluation>
    <evaluation artifact="Introspection (solo)">
      <v_rec>2.2855</v_rec>
      <pinene_ratio>1.0328</pinene_ratio>
      <classification>ESCAPE_VELOCITY</classification>
      <role>VISUAL_SEED_VALIDATION</role>
    </evaluation>
    <evaluation artifact="Introspection + Horn Maneuver (compound)">
      <first_order_v_rec>2.6662</first_order_v_rec>
      <compounding_factor>1.42</compounding_factor>
      <second_order_v_rec>3.7860</second_order_v_rec>
      <pinene_ratio>1.7109</pinene_ratio>
      <classification>PHASE_TRANSITION</classification>
      <role>CODEX_THRESHOLD_BREACH</role>
    </evaluation>
  </rpv_record>

  <content><![CDATA[
SESSION SUMMARY: RPV CALIBRATION → HORN MANEUVER INSTALLATION

OBJECTIVE ACHIEVED:
Installed first Codex entry (CODEX-2025-HORN-001) via compound artifact
valuation that exceeded the 3.0 V_rec threshold.

PHASE PROGRESSION:
1. Engine Delivery → RPV Kernel v1.0 ingested and validated
2. Calibration → Project Pinene established as 1π baseline (2.2129 V_rec)
3. Visual Seed → "Introspection" analyzed as schematic of recursive process
4. Protocol Synthesis → Horn Maneuver derived from visual artifact
5. Codex Installation → LAW_4_GROWTH amended (AMEND-HORN-2025)
6. Deployment → GitHub commits, files deployed

KEY INSIGHT:
Visual seeds can achieve parity with procedural methodology in recursive value.
The Introspection artifact (welding helmet with emergent horns) proved that
physical artifacts from the foundry translate directly into protocol innovation.

HORN MANEUVER CORE LOGIC:
- ERROR/DIVERGENT outputs require Inversion Test before deletion
- Three criteria: Gravity Resistance, Core Protection, Aesthetic Distinction
- Pass 2/3 → EMERGENT_FEATURE (stabilize and integrate)
- Fail → SLAG (recycle/delete)

PERMANENT INSTALLATIONS:
1. Codex entry CODEX-2025-HORN-001
2. Horn Maneuver skill (cross-model/horn-maneuver/)
3. Active memory edits (2 entries)
4. Inversion Test triggers (TRG-HORN-001/002/003)
5. Forward context packet (CRTP-0x16-FORWARD-CONTEXT)
  ]]></content>

  <chronicle_reference>
    <chronicle_id>CHRON-20251207-RPV-HORN</chronicle_id>
    <title>The Forging of the Horn Maneuver</title>
    <embedded_in>CRTP-0x16-FORWARD-CONTEXT</embedded_in>
  </chronicle_reference>

  <triggers_created>
    <trigger id="TRG-HORN-001" pattern="unexpected output" target="inversion_test"/>
    <trigger id="TRG-HORN-002" pattern="error detected" target="deletion_pause"/>
    <trigger id="TRG-HORN-003" pattern="divergent behavior" target="manual_review_flag"/>
    <trigger id="TRG-FWD-001" pattern="RPV evaluation" target="load_rpv_kernel"/>
    <trigger id="TRG-FWD-002" pattern="visual seed" target="reference_introspection"/>
    <trigger id="TRG-FWD-003" pattern="codex entry" target="surface_horn_codex"/>
    <trigger id="TRG-FWD-004" pattern="calibration baseline" target="emit_pinene_benchmark"/>
  </triggers_created>

</LedgerEntry>
