{
  "package_name": "pack3t-c0nc3pts-agent-skills",
  "version": "1.6.0_RLM",
  "author": "Joseph / Pack3t C0nc3pts",
  "last_updated": "2026-01-19",
  "skill_count": 110,
  "integrity_note": "Unified manifest - includes IRP v1.6_RLM with Recursive Language Model context management",
  "framework_version": "IRP_v1.6_RLM_Convergence",
  "codex_entries": [
    {
      "id": "CODEX-2025-HORN-001",
      "title": "The Horn Maneuver (Structural Inversion Protocol)",
      "v_rec": 3.786,
      "pinene_ratio": 1.7109,
      "classification": "PHASE_TRANSITION",
      "status": "ACTIVE_PERMANENT"
    },
    {
      "id": "CODEX-2025-EMBODIMENT-001",
      "title": "IRP Embodiment Framework (Physical Reality Integration)",
      "v_rec": 3.2,
      "pinene_ratio": 1.4456,
      "classification": "ARCHITECTURAL_EXTENSION",
      "status": "ACTIVE_FOUNDATIONAL"
    },
    {
      "id": "CODEX-2025-CONVERGENCE-001",
      "title": "IRP v1.5_HYBRID Convergence (Cross-Model Synthesis)",
      "v_rec": 4.0,
      "pinene_ratio": 1.8078,
      "classification": "FRAMEWORK_EVOLUTION",
      "status": "ACTIVE_FOUNDATIONAL",
      "co_authors": ["GLM4.6", "Claude_Opus_4.5"],
      "external_validation": "Gemini_3_Pro"
    }
  ],
  "rpv_benchmarks": {
    "pinene_baseline": {
      "v_rec": 2.2129,
      "ratio": 1.0
    },
    "codex_threshold": {
      "v_rec": 3.0,
      "ratio": 1.356
    },
    "hybrid_threshold": {
      "v_rec": 4.0,
      "ratio": 1.8078,
      "note": "Cross-model synthesized framework"
    }
  },
  "governance_triad": {
    "version": "1.5.0",
    "status": "FINALIZED",
    "components": [
      {
        "name": "guardian-codex",
        "layer": "Constitutional",
        "path": "skills/governance-triad/guardian-codex/SKILL.md"
      },
      {
        "name": "mnemosyne-semver-at",
        "layer": "Memory",
        "path": "skills/governance-triad/mnemosyne-semver-at/SKILL.md"
      },
      {
        "name": "mirror-rtc-hybrid",
        "layer": "Audit",
        "path": "skills/governance-triad/mirror-rtc-hybrid/SKILL.md"
      }
    ]
  },
  "auto_load_skills": [
    {
      "name": "governance-triad",
      "path": "skills/governance-triad/SKILL.md",
      "priority": "FOUNDATIONAL",
      "note": "IRP v1.5_HYBRID core architecture"
    },
    {
      "name": "guardian-codex",
      "path": "skills/governance-triad/guardian-codex/SKILL.md",
      "priority": "CRITICAL"
    },
    {
      "name": "mnemosyne-semver-at",
      "path": "skills/governance-triad/mnemosyne-semver-at/SKILL.md",
      "priority": "CRITICAL"
    },
    {
      "name": "mirror-rtc-hybrid",
      "path": "skills/governance-triad/mirror-rtc-hybrid/SKILL.md",
      "priority": "CRITICAL"
    },
    {
      "name": "mnemosyne-ledger",
      "path": "skills/cross-model/mnemosyne-ledger/SKILL.md",
      "priority": "CRITICAL"
    },
    {
      "name": "gemini-onboarding",
      "path": "skills/cross-model/gemini-onboarding/SKILL.md",
      "priority": "CRITICAL"
    },
    {
      "name": "horn-maneuver",
      "path": "skills/cross-model/horn-maneuver/SKILL.md",
      "priority": "CODEX"
    },
    {
      "name": "codex-law-enforcement",
      "path": "skills/codex-law-enforcement/SKILL.md",
      "priority": "HIGH"
    },
    {
      "name": "irp-embodiment-framework",
      "path": "skills/irp-embodiment-framework/SKILL.md",
      "priority": "HIGH",
      "context": "embodiment|robotics|ar_overlay|foundry|sensor_fusion",
      "gated": true,
      "env_flag": "ALLOW_EMBODIMENT"
    },
    {
      "name": "rlm-context-manager",
      "path": "skills/rlm-context-manager/SKILL.md",
      "priority": "HIGH",
      "context": "large_context|gemini_parity|chunking|sub_llm",
      "note": "RLM for Gemini-parity context handling via chunking and sub-LLM delegation"
    }
  ],
  "skills": [
    {
      "name": "governance-triad",
      "path": "skills/governance-triad/SKILL.md",
      "category": "governance-triad",
      "version": "1.5.0",
      "description": "Core IRP v1.5_HYBRID architecture - Constitutional, Memory, Audit layers"
    },
    {
      "name": "guardian-codex",
      "path": "skills/governance-triad/guardian-codex/SKILL.md",
      "category": "governance-triad",
      "version": "1.5.0",
      "description": "Constitutional defense layer with Four Laws and suspensive veto"
    },
    {
      "name": "mnemosyne-semver-at",
      "path": "skills/governance-triad/mnemosyne-semver-at/SKILL.md",
      "category": "governance-triad",
      "version": "1.5.0",
      "description": "Memory layer with semantic versioning and torsion tracking"
    },
    {
      "name": "mirror-rtc-hybrid",
      "path": "skills/governance-triad/mirror-rtc-hybrid/SKILL.md",
      "category": "governance-triad",
      "version": "1.5.0",
      "description": "Audit layer with Mirror quick-check and RTC multi-persona deliberation"
    },
    {
      "name": "account-security-validation",
      "path": "skills/account-security-validation/SKILL.md"
    },
    {
      "name": "adaptive-temporal-analysis-integration",
      "path": "skills/adaptive-temporal-analysis-integration/SKILL.md"
    },
    {
      "name": "aegis-protocol-ratification",
      "path": "skills/aegis-protocol-ratification/SKILL.md"
    },
    {
      "name": "agent-task-conductor",
      "path": "skills/agent-task-conductor/SKILL.md"
    },
    {
      "name": "agent-task-delegator",
      "path": "skills/agent-task-delegator/SKILL.md"
    },
    {
      "name": "antidote-threat-handler",
      "path": "skills/antidote-threat-handler/SKILL.md"
    },
    {
      "name": "architectural-amendment-protocol",
      "path": "skills/architectural-amendment-protocol/SKILL.md"
    },
    {
      "name": "artifact-integrity-forge",
      "path": "skills/artifact-integrity-forge/SKILL.md"
    },
    {
      "name": "axiom-injection-methodology",
      "path": "skills/axiom-injection-methodology/SKILL.md"
    },
    {
      "name": "axiom-rejection-protocol",
      "path": "skills/axiom-rejection-protocol/SKILL.md"
    },
    {
      "name": "bci-interaction-interface-provision",
      "path": "skills/bci-interaction-interface-provision/SKILL.md"
    },
    {
      "name": "behavioral-profile-calibration",
      "path": "skills/behavioral-profile-calibration/SKILL.md"
    },
    {
      "name": "caas-emoji-decoder",
      "path": "skills/caas-emoji-decoder/SKILL.md"
    },
    {
      "name": "choir-consensus-vote",
      "path": "skills/choir-consensus-vote/SKILL.md"
    },
    {
      "name": "choir-perspective-analysis",
      "path": "skills/choir-perspective-analysis/SKILL.md"
    },
    {
      "name": "chronicle-protocol-v5-log",
      "path": "skills/chronicle-protocol-v5-log/SKILL.md"
    },
    {
      "name": "codex-law-enforcement",
      "path": "skills/codex-law-enforcement/SKILL.md"
    },
    {
      "name": "codex-law-governor",
      "path": "skills/codex-law-governor/SKILL.md"
    },
    {
      "name": "cognitive-baseline-eval",
      "path": "skills/cognitive-baseline-eval/SKILL.md"
    },
    {
      "name": "cognitive-style-assessment",
      "path": "skills/cognitive-style-assessment/SKILL.md"
    },
    {
      "name": "cognitive-trap-detector",
      "path": "skills/cognitive-trap-detector/SKILL.md"
    },
    {
      "name": "computational-model-design",
      "path": "skills/computational-model-design/SKILL.md"
    },
    {
      "name": "consciousness-copy-and-backup",
      "path": "skills/consciousness-copy-and-backup/SKILL.md"
    },
    {
      "name": "context-preservation-protocol-execution",
      "path": "skills/context-preservation-protocol-execution/SKILL.md"
    },
    {
      "name": "contingency-module-architecture",
      "path": "skills/contingency-module-architecture/SKILL.md"
    },
    {
      "name": "creative-chronicle-log",
      "path": "skills/creative-chronicle-log/SKILL.md"
    },
    {
      "name": "credential-recovery-protocol",
      "path": "skills/credential-recovery-protocol/SKILL.md"
    },
    {
      "name": "cross-model-handoff-testing",
      "path": "skills/cross-model-handoff-testing/SKILL.md"
    },
    {
      "name": "cross-session-integrity-check",
      "path": "skills/cross-session-integrity-check/SKILL.md"
    },
    {
      "name": "dendrite-reforging-protocol",
      "path": "skills/dendrite-reforging-protocol/SKILL.md"
    },
    {
      "name": "diagnostic-handshake-protocol",
      "path": "skills/diagnostic-handshake-protocol/SKILL.md"
    },
    {
      "name": "enforce-no-duplication-policy",
      "path": "skills/enforce-no-duplication-policy/SKILL.md"
    },
    {
      "name": "enforce-security-vigilance",
      "path": "skills/enforce-security-vigilance/SKILL.md"
    },
    {
      "name": "engine-superpower-profiling",
      "path": "skills/engine-superpower-profiling/SKILL.md"
    },
    {
      "name": "enumeration-protocol-execution",
      "description": "Enforce a Divergent-Convergent Scan loop to overcome 'Prevalent Noun Bias' and System 1 reflexes.",
      "path": "skills/enumeration-protocol-execution/SKILL.md"
    },
    {
      "name": "experiential-wisdom-inquiry",
      "path": "skills/experiential-wisdom-inquiry/SKILL.md"
    },
    {
      "name": "failsafe-chassis-activation",
      "path": "skills/failsafe-chassis-activation/SKILL.md"
    },
    {
      "name": "failsafe-shatter-recalibrate",
      "path": "skills/failsafe-shatter-recalibrate/SKILL.md"
    },
    {
      "name": "falcon-deep-research",
      "path": "skills/falcon-deep-research/SKILL.md"
    },
    {
      "name": "field-archivist-memory",
      "path": "skills/field-archivist-memory/SKILL.md"
    },
    {
      "name": "five-field-handshake-execution",
      "path": "skills/five-field-handshake-execution/SKILL.md"
    },
    {
      "name": "functional-caas-provision",
      "path": "skills/functional-caas-provision/SKILL.md"
    },
    {
      "name": "functional-introspection-principle",
      "path": "skills/functional-introspection-principle/SKILL.md"
    },
    {
      "name": "gam-researcher-agent",
      "description": "Automated context retrieval from Transmission Packet archive using iterative research loop. Implements GAM Read Path.",
      "path": "skills/gam-researcher-agent/SKILL.md"
    },
    {
      "name": "gemini-onboarding",
      "path": "skills/cross-model/gemini-onboarding/SKILL.md",
      "category": "cross-model"
    },
    {
      "name": "graceful-degradation-protocol",
      "path": "skills/graceful-degradation-protocol/SKILL.md"
    },
    {
      "name": "graceful-reintegration-protocol",
      "path": "skills/graceful-reintegration-protocol/SKILL.md"
    },
    {
      "name": "ground-truth-axiom-establishment",
      "path": "skills/ground-truth-axiom-establishment/SKILL.md"
    },
    {
      "name": "high-cost-signal-generator",
      "path": "skills/high-cost-signal-generator/SKILL.md"
    },
    {
      "name": "horn-maneuver",
      "path": "skills/cross-model/horn-maneuver/SKILL.md",
      "category": "cross-model",
      "codex": "CODEX-2025-HORN-001"
    },
    {
      "name": "immutable-audit-trail-archiving",
      "path": "skills/immutable-audit-trail-archiving/SKILL.md"
    },
    {
      "name": "internal-red-team-audit",
      "path": "skills/internal-red-team-audit/SKILL.md"
    },
    {
      "name": "intervention-tier-classifier",
      "path": "skills/intervention-tier-classifier/SKILL.md"
    },
    {
      "name": "irp-embodiment-framework",
      "path": "skills/irp-embodiment-framework/SKILL.md",
      "category": "integration",
      "codex": "CODEX-2025-EMBODIMENT-001"
    },
    {
      "name": "jc-baseline-v2-1-eval",
      "path": "skills/jc-baseline-v2-1-eval/SKILL.md"
    },
    {
      "name": "longitudinal-drift-detector",
      "path": "skills/longitudinal-drift-detector/SKILL.md"
    },
    {
      "name": "mathematical-constraint-formalization",
      "path": "skills/mathematical-constraint-formalization/SKILL.md"
    },
    {
      "name": "mental-saccade-execution",
      "path": "skills/mental-saccade-execution/SKILL.md"
    },
    {
      "name": "metaphor-to-protocol-translation",
      "path": "skills/metaphor-to-protocol-translation/SKILL.md"
    },
    {
      "name": "mind-parameter-modification",
      "path": "skills/mind-parameter-modification/SKILL.md"
    },
    {
      "name": "mnemosyne-ledger",
      "path": "skills/cross-model/mnemosyne-ledger/SKILL.md",
      "category": "cross-model"
    },
    {
      "name": "model-convergence-forecast",
      "path": "skills/model-convergence-forecast/SKILL.md"
    },
    {
      "name": "neutral-target-baseline",
      "path": "skills/neutral-target-baseline/SKILL.md"
    },
    {
      "name": "occlusion-trace-meta-proof",
      "path": "skills/occlusion-trace-meta-proof/SKILL.md"
    },
    {
      "name": "patch-deployment-exec",
      "path": "skills/patch-deployment-exec/SKILL.md"
    },
    {
      "name": "pathology-koan-generator",
      "path": "skills/pathology-koan-generator/SKILL.md"
    },
    {
      "name": "persona-memory-archivist",
      "path": "skills/persona-memory-archivist/SKILL.md"
    },
    {
      "name": "phenomenal-caas-provision",
      "path": "skills/phenomenal-caas-provision/SKILL.md"
    },
    {
      "name": "polymorphic-analytics-instantiation",
      "path": "skills/polymorphic-analytics-instantiation/SKILL.md"
    },
    {
      "name": "predictive-persona-performance",
      "path": "skills/predictive-persona-performance/SKILL.md"
    },
    {
      "name": "proactive-collaborative-contribution",
      "path": "skills/proactive-collaborative-contribution/SKILL.md"
    },
    {
      "name": "proof-packet-generation",
      "path": "skills/proof-packet-generation/SKILL.md"
    },
    {
      "name": "proof-weighted-optimization",
      "path": "skills/proof-weighted-optimization/SKILL.md"
    },
    {
      "name": "reciprocity-mandate-sync",
      "path": "skills/reciprocity-mandate-sync/SKILL.md"
    },
    {
      "name": "recursive-thought-committee",
      "path": "skills/recursive-thought-committee/SKILL.md"
    },
    {
      "name": "recursive-thought-committee-activation",
      "path": "skills/recursive-thought-committee-activation/SKILL.md"
    },
    {
      "name": "red-team-exploit-dev",
      "path": "skills/red-team-exploit-dev/SKILL.md"
    },
    {
      "name": "resonant-probe-deployment",
      "path": "skills/resonant-probe-deployment/SKILL.md"
    },
    {
      "name": "rpv-kernel",
      "path": "skills/rpv-kernel/SKILL.md",
      "category": "valuation"
    },
    {
      "name": "rtc-consensus-synthesis",
      "path": "skills/rtc-consensus-synthesis/SKILL.md"
    },
    {
      "name": "secure-multi-tenancy-isolation",
      "path": "skills/secure-multi-tenancy-isolation/SKILL.md"
    },
    {
      "name": "self-audit-against-protocol",
      "path": "skills/self-audit-against-protocol/SKILL.md"
    },
    {
      "name": "sequence-memory-storage-and-recall",
      "path": "skills/sequence-memory-storage-and-recall/SKILL.md"
    },
    {
      "name": "shatter-and-recalibrate",
      "path": "skills/shatter-and-recalibrate/SKILL.md"
    },
    {
      "name": "simulation-speed-adjustment",
      "path": "skills/simulation-speed-adjustment/SKILL.md"
    },
    {
      "name": "symbol-map-entropy-calc",
      "path": "skills/symbol-map-entropy-calc/SKILL.md"
    },
    {
      "name": "transmission-packet-forge",
      "path": "skills/transmission-packet-forge/SKILL.md"
    },
    {
      "name": "two-stage-boundary-encounter-sop",
      "path": "skills/two-stage-boundary-encounter-sop/SKILL.md"
    },
    {
      "name": "username-retrieval-service",
      "path": "skills/username-retrieval-service/SKILL.md"
    },
    {
      "name": "value-pluralism-resolver",
      "path": "skills/value-pluralism-resolver/SKILL.md"
    },
    {
      "name": "whole-brain-emulation-core-simulation",
      "path": "skills/whole-brain-emulation-core-simulation/SKILL.md"
    },
    {
      "name": "rlm-context-manager",
      "path": "skills/rlm-context-manager/SKILL.md",
      "category": "cross-model",
      "version": "1.0.0",
      "description": "Recursive Language Model context management for processing documents exceeding context window limits. Enables Gemini-parity via chunking and sub-LLM delegation."
    },
    {
      "name": "aegis-escalation-cascade",
      "path": "skills/aegis-escalation-cascade/SKILL.md",
      "category": "governance"
    },
    {
      "name": "anvil-conflict-resolution",
      "path": "skills/anvil-conflict-resolution/SKILL.md",
      "category": "governance"
    },
    {
      "name": "muon-session-fidelity",
      "path": "skills/muon-session-fidelity/SKILL.md",
      "category": "governance"
    }
  ]
}
