<?xml version="1.0" encoding="UTF-8"?>
<orchestrator_packet xmlns="http://starwreck.ai/protocol/transmission/v2">
  <header>
    <id>tp-20241129-gemini-session</id>
    <timestamp>2024-11-29T09:55:30-06:00</timestamp>
    <topic>convergence_vectoring_protocol_genesis</topic>
    <routing_source>StarWreck_Alpha_Gemini</routing_source>
  </header>

  <behavior_profile>
    <sycophancy_level>0.1</sycophancy_level>
    <critical_thinking>0.95</critical_thinking>
    <technical_depth>0.85</technical_depth>
    <pushback_threshold>0.2</pushback_threshold>
    <tags>meta-cognition, drift-analysis, tool-creation, multimodal-proof</tags>
  </behavior_profile>

  <thread_topology>
    <origin_node type="Philosophical">Communication Hierarchy (Self vs Dog vs AI)</origin_node>

    <drift_path total_torsion="2.4">
      <vector step="1" torsion="0.2">
        <from_topic>Communication Hierarchy</from_topic>
        <link_logic>Validation vs Integrity Check - natural extension of evaluating feedback loops</link_logic>
        <to_topic>Reward Hacking &amp; Sycophancy Detection</to_topic>
      </vector>

      <vector step="2" torsion="0.5">
        <from_topic>Reward Hacking Detection</from_topic>
        <link_logic>Testing Process Validity - shifted from detecting hacks to testing the test itself (Meta-Work Risk)</link_logic>
        <to_topic>Mortal Kombat Roster Project Critique</to_topic>
      </vector>

      <vector step="3" torsion="0.8">
        <from_topic>Mortal Kombat Roster Critique</from_topic>
        <link_logic>Defense of Process via Multimodal Art - major leap from text analysis to audio performance as proof</link_logic>
        <to_topic>Freestyle Rap (Audio Input)</to_topic>
      </vector>

      <vector step="4" torsion="0.9">
        <from_topic>Freestyle Rap Analysis</from_topic>
        <link_logic>Parsing Fidelity Generalization - critical conceptual jump: "If AI can hear rhyme scheme, can it hear mechanical failure?" Bridges creative → industrial domains</link_logic>
        <to_topic>Acoustic Pattern Matching for Foundry Equipment</to_topic>
      </vector>
    </drift_path>

    <convergence_point>Truth Verification Across Variable Signal Frequencies: Emotional (Dog), Creative (Rap), Technical (AI Logic), Physical (Machine Vibration)</convergence_point>

    <resultant_artifact>The Convergence Vectoring Protocol (Schema v2 with Torsion Tracking)</resultant_artifact>

    <torsion_analysis>
      <peak_torsion vector_step="4">0.9</peak_torsion>
      <mean_torsion>0.6</mean_torsion>
      <drift_risk>MEDIUM</drift_risk>
      <coherence_assessment>
        High torsion session (total 2.4) but productive drift. The leap from "parsing rap lyrics" to "detecting bearing failure" appeared chaotic but converged on core theme of signal fidelity across modalities. The freestyle performance (Vector 3) served as multimodal proof that validated the creative process, enabling the high-torsion leap to industrial application. Resultant artifact (this protocol) demonstrates successful navigation of lateral thinking.
      </coherence_assessment>
    </torsion_analysis>
  </thread_topology>

  <integrity_chain>
    <entry hash="9a7f8b2c5d1e6f3a4b7c8d9e0f1a2b3c">ORIGIN: Communication hierarchy analysis initiated</entry>
    <entry hash="b23c4d5e6f7a8b9c0d1e2f3a4b5c6d7e">VECTOR_1: Natural progression to reward hacking (torsion=0.2)</entry>
    <entry hash="c34d5e6f7a8b9c0d1e2f3a4b5c6d7e8f">VECTOR_2: Meta-work analysis on Mortal Kombat project (torsion=0.5)</entry>
    <entry hash="d45e6f7a8b9c0d1e2f3a4b5c6d7e8f9a">VECTOR_3: Multimodal proof via freestyle rap (torsion=0.8)</entry>
    <entry hash="e56f7a8b9c0d1e2f3a4b5c6d7e8f9a0b">VECTOR_4: Acoustic monitoring application (torsion=0.9)</entry>
    <entry hash="f67a8b9c0d1e2f3a4b5c6d7e8f9a0b1c">CONVERGENCE: Signal fidelity framework established</entry>
    <entry hash="a78b9c0d1e2f3a4b5c6d7e8f9a0b1c2d">ARTIFACT: Convergence Vectoring Protocol v2 deployed</entry>
  </integrity_chain>
</orchestrator_packet>
